1,,,2018-12-04,2018-12-05,Please correct the following errors,Start Date cannot be blank,End Date cannot be blank
2,2017-10-27,,2018-12-04,2018-12-05,Please correct the following errors,Start Date should be a current/future date,End Date cannot be blank
3,2018-12-28,,2018-12-04,2018-12-05,Please correct the following errors,,End Date cannot be blank
4,2018-10-32154,12342018-11-05,2018-12-04,2018-12-05,Please correct the following errors,Invalid date format,Invalid date format
5,2018-12-01,2018-11-25,2018-12-04,2018-12-05,Please correct the following errors,,End Date should be on/after Start Date
9,2018-10-02,2018-09-02,2018-12-04,2018-12-05,Please correct the following errors,Start Date should be a current/future date,End Date should be on/after Start Date